section_title,section_title_citation,text_content,text_content_citation,element_type,element_type_citation,element_class,element_class_citation,element_id,element_id_citation
The Difference Petra Creates,https://petradubai.ae/,The Difference Petra Creates,https://petradubai.ae/,h2,https://petradubai.ae/,,https://petradubai.ae/,,https://petradubai.ae/
Our Services,https://petradubai.ae/,Our Services,https://petradubai.ae/,h2,https://petradubai.ae/,,https://petradubai.ae/,,https://petradubai.ae/
Buying,https://petradubai.ae/,Buying,https://petradubai.ae/,h2,https://petradubai.ae/,,https://petradubai.ae/,,https://petradubai.ae/
Selling,https://petradubai.ae/,Selling,https://petradubai.ae/,h2,https://petradubai.ae/,,https://petradubai.ae/,,https://petradubai.ae/
Investing,https://petradubai.ae/,Investing,https://petradubai.ae/,h2,https://petradubai.ae/,,https://petradubai.ae/,,https://petradubai.ae/
Development Consultancy,https://petradubai.ae/,Development Consultancy,https://petradubai.ae/,h2,https://petradubai.ae/,,https://petradubai.ae/,,https://petradubai.ae/
What People Saying about Us,https://petradubai.ae/,What People Saying about Us,https://petradubai.ae/,h2,https://petradubai.ae/,,https://petradubai.ae/,,https://petradubai.ae/
Our Portfolio,https://petradubai.ae/,Our Portfolio,https://petradubai.ae/,h2,https://petradubai.ae/,,https://petradubai.ae/,,https://petradubai.ae/
DEVELOPERS,https://petradubai.ae/,DEVELOPERS,https://petradubai.ae/,h2,https://petradubai.ae/,,https://petradubai.ae/,,https://petradubai.ae/
Paragraph: You’ve seen Dubai rise — a city that went from des,https://petradubai.ae/,"You’ve seen Dubai rise — a city that went from desert sand to global skyline. While most admire it from afar, the most strategic investors quietly own their piece of it.",https://petradubai.ae/,p,https://petradubai.ae/,p1,https://petradubai.ae/,,https://petradubai.ae/
Paragraph: Petra helps European investors not just buy in Dub,https://petradubai.ae/,Petra helps European investors not just buy in Dubai — but secure a position in one of the world’s fastest-growing luxury markets.,https://petradubai.ae/,p,https://petradubai.ae/,p1,https://petradubai.ae/,,https://petradubai.ae/
Paragraph: This isn’t about another unit. It’s about expandin,https://petradubai.ae/,"This isn’t about another unit. It’s about expanding your portfolio into a global asset class that merges lifestyle, tax advantage, and capital growth — all in a stable, high-performing economy.",https://petradubai.ae/,p,https://petradubai.ae/,p1,https://petradubai.ae/,,https://petradubai.ae/
Paragraph: Petra’s clients aren’t chasing short-term gains. T,https://petradubai.ae/,Petra’s clients aren’t chasing short-term gains. They’re securing legacy assets that appreciate in value and reputation.,https://petradubai.ae/,p,https://petradubai.ae/,p1,https://petradubai.ae/,,https://petradubai.ae/
Paragraph: We provide a full spectrum of real estate services,https://petradubai.ae/,"We provide a full spectrum of real estate services for buyers, sellers, investors, and developers.",https://petradubai.ae/,p,https://petradubai.ae/,,https://petradubai.ae/,,https://petradubai.ae/
"Paragraph: Bespoke property search, private viewings, and acc",https://petradubai.ae/,"Bespoke property search, private viewings, and access to exclusive listings.",https://petradubai.ae/,p,https://petradubai.ae/,p1,https://petradubai.ae/,,https://petradubai.ae/
Paragraph: Tailored investment insights and market analysis t,https://petradubai.ae/,Tailored investment insights and market analysis to maximize returns.,https://petradubai.ae/,p,https://petradubai.ae/,p1,https://petradubai.ae/,,https://petradubai.ae/
Paragraph: From concept to completion with the right partners,https://petradubai.ae/,From concept to completion with the right partners.,https://petradubai.ae/,p,https://petradubai.ae/,p1,https://petradubai.ae/,,https://petradubai.ae/
"Paragraph: ""From paperwork to negotiations, they take care of",https://petradubai.ae/,"""From paperwork to negotiations, they take care of the process. I just focus on growing my portfolio. Total lifesaver!""",https://petradubai.ae/,p,https://petradubai.ae/,,https://petradubai.ae/,,https://petradubai.ae/
"Paragraph: ""I secured my first Dubai off-plan property and sa",https://petradubai.ae/,"""I secured my first Dubai off-plan property and saw appreciation within months - without the stress of managing everything myself""",https://petradubai.ae/,p,https://petradubai.ae/,,https://petradubai.ae/,,https://petradubai.ae/
"Paragraph: ""As a first-time investor in Dubai, I was nervous.",https://petradubai.ae/,"""As a first-time investor in Dubai, I was nervous. They explained everything clearly and guided me step by step. Couldn't have asked for better support.""",https://petradubai.ae/,p,https://petradubai.ae/,,https://petradubai.ae/,,https://petradubai.ae/
"Paragraph: ""Exceptional service from start to finish. Petra w",https://petradubai.ae/,"""Exceptional service from start to finish. Petra was always available to answer my questions.""",https://petradubai.ae/,p,https://petradubai.ae/,,https://petradubai.ae/,,https://petradubai.ae/
Paragraph: We work with Dubai’s most reputable master and pri,https://petradubai.ae/,"We work with Dubai’s most reputable master and private developers, including industry leaders like Emaar and Dubai Holding, as well as select boutique developers offering unique and high-quality projects.",https://petradubai.ae/,p,https://petradubai.ae/,,https://petradubai.ae/,,https://petradubai.ae/
Link: Get Started,https://petradubai.ae/,Get Started,https://petradubai.ae/,a,https://petradubai.ae/,pagelayer-btn-holder pagelayer-ele-link pagelayer-btn-anim pagelayer-btn-custom {{icon_position}} pagelayer-btn-anim-slide pagelayer-btn-anim-left,https://petradubai.ae/,,https://petradubai.ae/
Button: All,https://petradubai.ae/,All,https://petradubai.ae/,button,https://petradubai.ae/,pagelayer-pfbtn,https://petradubai.ae/,,https://petradubai.ae/
Button: Penthouse,https://petradubai.ae/,Penthouse,https://petradubai.ae/,button,https://petradubai.ae/,pagelayer-pfbtn,https://petradubai.ae/,,https://petradubai.ae/
Button: Villa,https://petradubai.ae/,Villa,https://petradubai.ae/,button,https://petradubai.ae/,pagelayer-pfbtn,https://petradubai.ae/,,https://petradubai.ae/